id,name,image,locations,drops,blockquote,dlc
0,Black Knight,http://eldenring.wiki.fextralife.com/file/Elden-Ring/black-knight-enemy-sote-elden-ring-wiki-guide.jpg,"['Scorpion River Catacombs', 'Castle Ensis', 'Church of Consolation', 'Fog Rift Catacombs', 'Shadow Keep']","['Black Steel Twinblade', 'Black Steel Greathammer', 'Black Knight Helm', 'Black Knight Armor', 'Black Knight Gauntlets', 'Black Knight Greaves']","The Black Knights are the loyal servants of Messmer the Impaler. They don black iron helms decorated with gold and chest plates with golden Scadutree engravings, a small consolation for those forced into a graceless and dishonorable war. They emanate a rotten odor, possibly from the tainted blood splattered upon them, or from their own corrupted souls, decaying from endless slaughter. ",1
1,Bigmouth Imp,http://eldenring.wiki.fextralife.com/file/Elden-Ring/bigmouth-imp-enemy-sote-elden-ring-wiki-guide.jpg,"['Darklight Catacombs', 'Fog Rift Catacombs', 'Scorpion River Catacombs']","['Great Ghost Glovewort', 'Grave Glovewort [6]', 'Grave Glovewort [7]', 'Grave Glovewort [8]']","Bigmouth Imps infest many of the catacombs in the Lands of Shadow. These creatures are adept at causing disturbances, moving nimbly like pests, and lurking around corners, ready to attack any trespassers who dare to enter their catacombs. ",1
2,Jar Innards,http://eldenring.wiki.fextralife.com/file/Elden-Ring/jar-innards-elden-ring-wiki-600px.jpg,"['Belurat Gaol', 'Bonny Gaol', ""Lamenter's Gaol""]","['???', 'Human Bone Shard', 'Innard Meat']","For pity's sake, your place is in the jar. Nigh-sainthood itself awaits you within. For shamans like you, this is your lot. Life were you accorded for this alone."" - Phantom in Bonny Village ",1
3,Curseblade,http://eldenring.wiki.fextralife.com/file/Elden-Ring/curseblade-enemy-sote-elden-ring-wiki-guide.jpg,"['Belurat Tower Settlement', 'Enir-Ilim', 'Ancient Ruins of Rauh']","[""Ascetic's Set"", ""Curseblade's Cirque"", 'Curseblade Mask']","These entities wield the Curseblade's Cirque in both hands, a backhand blade with wave-like cutting edges, sharpened into points that incite blood loss. Long ago, this was employed by the ascetics who strove to become tutelary deities as a ritualistic object in their self-flagellating dances. Their movements are almost dance-like, blending both elegance and lethality as they deliver their attacks. Their flashy combat style will leave their opponents disoriented and overwhelmed. ",1
4,Golem Smith,http://eldenring.wiki.fextralife.com/file/Elden-Ring/golem-smith-enemy-sote-elden-ring-wiki-guide.jpg,"['Ruined Forge Lava Intake', 'Ruined Forge of Starfall Past', ""Taylew's Ruined Forge""]","['???', 'Smithing Stone [5]', 'Smithing Stone [6]', 'Smithing Stone [7]', 'Somber Smithing Stone [6]', 'Somber Smithing Stone [7]', 'Somber Smithing Stone [8]']","These imposing constructs can be seen roaming around the ancient forges. They carry pots of lava on their heads, which they can hurl as projectiles. Their ability to withstand most attacks makes them very difficult to deal with. These beings also have a weakness, a red gem embedded in their backs can be seen and striking this weak spot can inflict critical damage. ",1
5,Gravebird,http://eldenring.wiki.fextralife.com/file/Elden-Ring/gravebird-enemy-sote-elden-ring-wiki-guide.jpg,['Common enemy that can be found in the overworld.'],"['Smithing Stone [3]', 'Smithing Stone [4]', 'Smithing Stone [5]']","Gravebirds are imposing ancient golems crafted to resemble their kin, the Deathbirds. These creatures soar through the air with stone wings and spout ghostflame. According to legend, Gravebirds were created to be kindred spirits to the Deathbirds, sharing a mysterious and sinister origin. Their primary purpose is to guard spiritgraves, the sacred resting places built to collect and contain the souls of all who have met their end. ",1
6,Shadowpot,http://eldenring.wiki.fextralife.com/file/Elden-Ring/shadowpot-enemy-sote-elden-ring-wiki-guide.jpg,"['Temple Town Ruins', 'Ancient Ruins of Rauh', 'Gravesite Plain']",['Scadutree Fragment'],"Elusive shadow figures that carry pots over their heads. When confronted, they tend to flee. They are worth the effort to catch as defeating them often yields valuable materials or items. ",1
7,Shadow Undead,http://eldenring.wiki.fextralife.com/file/Elden-Ring/shadow-undead-elden-ring-wiki-600px.jpg,['Commonly found across all locations'],['To be added'],"These undead beings have their lost souls cursed to roam eternally, with their minds consumed by the curse, retaining only a fragment of their former selves. Some retain faint echoes of their past lives, occasionally displaying fleeting moments of hesitation or sorrow. ",1
8,Spider Scorpion,http://eldenring.wiki.fextralife.com/file/Elden-Ring/spider-scorpion-enemy-sote-elden-ring-wiki-guide.jpg,"['Belurat Tower Settlement', 'Ancient Ruins of Rauh']","['???', 'Scorpion Liver', 'Somber Smithing Stone [1]', 'Somber Smithing Stone [2]', 'Somber Smithing Stone [3]', 'Somber Smithing Stone [4]', 'Somber Smithing Stone [5]', 'Somber Smithing Stone [6]']","Spider Scorpions blend the traits of both spiders and scorpions. These monstrous beings attack with powerful pincers and a venomous tail, delivering lethal blows to those who dare approach. Originally, this breed of scorpion was native to the realm of shadow and was significantly smaller in size. However, the recent emergence of these gigantic Spider Scorpions has been traced back to the Church of the Bud. ",1
9,Man-Fly,http://eldenring.wiki.fextralife.com/file/Elden-Ring/man-fly-enemy-sote-elden-ring-wiki.jpg,"['Belurat Tower Settlement', 'Abandoned Ailing Village', 'Village of Flies']",['To be added'],"These creatures were originally humans who suffered from a metamorphosing illness, transforming them into human-insect hybrids. The disease ravaged their peaceful villages, killing most of the population. The few who survived were turned into man-flies. The illness also appears to make the infected aggressive, causing them to attack on sight. ",1
10,Horned Warrior,http://eldenring.wiki.fextralife.com/file/Elden-Ring/horned-warrior-enemy-sote-elden-ring-wiki-guide.jpg,"[""Midra's Manse"", 'Belurat Tower Settlement', 'Enir-Ilim', 'Temple Town Ruins']","[""Horned Warrior's Sword"", ""Horned Warrior's Greatsword"", 'Horned Warrior Helm', 'Horned Warrior Armor', 'Horned Warrior Gauntlets', 'Horned Warrior Greaves', 'Somber Smithing Stone [7]', 'Somber Smithing Stone [8]', 'Somber Smithing Stone [9]']","A fearsome adversary, easily recognizable by their distinctive appearance. Their helms feature a crown of sturdy tangled horns, allowing them to invoke divinity. Clad in plated armor and adorned with ochre fabric. These warriors are not only resilient, but also agile, as they combine brute strength with swift and deadly precision. ",1
11,Fire Knight,http://eldenring.wiki.fextralife.com/file/Elden-Ring/fire-knight-enemy-sote-elden-ring-wiki-guide.jpg,['Shadow Keep'],"[""Fire Knight's Greatsword"", ""Fire Knight's Shortsword"", 'Fire Knight Set', 'Smithing Stone [6]', 'Smithing Stone [7]', 'Smithing Stone [8]']","Adorned in a pointed helm and armor featuring a red cape and twin golden snakes around the neck that enhances Messmer's flame incantations, each knight hails from a renowned family of the Erdtree's upper echelons. However, they were shunned and exiled from their homes after swearing loyalty to Messmer as their master. ",1
12,Aging Untouchable,http://eldenring.wiki.fextralife.com/file/Elden-Ring/aged-untouchable-enemy-sote-elden-ring-wiki-guide.jpg,['Abyssal Woods'],"[""Aged One's Exultation"", 'Swollen Grape']","""I touched him, but only once. When he thrust his staff in my face, I brushed it aside. It was then that I touched him. The aging untouchable."" ",0
13,Bloodfiend,http://eldenring.wiki.fextralife.com/file/Elden-Ring/bloodfiend-enemy-sote-elden-ring-wiki-guide.jpg,"['Prospect Town', 'Rivermouth Cave', 'Stone Coffin Fissure', 'Ellac River Cave', 'East of Castle Ensis', 'Shadow Keep Exit']","['Sacred Bloody Flesh', 'String', ""Bloodfiend's Fork"", 'Nectarblood Burgeon', ""Bloodfiend's Arm"", ""Bloodfiend's Sacred Spear""]","These creatures have towering figures, but their bodies are grotesquely transformed. Despite their terrifying appearance, they exhibit a strange behavior. They patrol their designated areas as if they're driven by a forgotten purpose. ",1
14,Hippopotamus,http://eldenring.wiki.fextralife.com/file/Elden-Ring/hippopotamus-enemy-sote-elden-ring-wiki-guide.jpg,"[""Charo's Hidden Grave"", ""Recluses' River"", 'Ancient Ruins of Rauh']",['Scadutree Fragment'],"These formidable beasts are reminiscent of the majestic Golden Hippopotamus, but lack the divine erdtree incantations that their golden counterparts possess. Instead, they rely solely on brute strength and aggressive nature to overpower their opponents. ",1
15,Blue Worm,http://eldenring.wiki.fextralife.com/file/Elden-Ring/blue-worm-enemy-sote-elden-ring-wiki-guide.jpg,"['Cerulean Coast', ""Charo's Hidden Grave"", 'Abyssal Woods', 'Scadu Altus', 'Fort of Reprimand']","['Grave Glovewort [1]', 'Grave Glovewort [2]', 'Grave Glovewort [3]', 'Grave Glovewort [7]', 'Grave Glovewort [8]', 'Grave Glovewort [9]', 'Ghost Glovewort [1]', 'Ghost Glovewort [2]', 'Ghost Glovewort [3]', 'Ghost Glovewort [7]', 'Ghost Glovewort [8]', 'Ghost Glovewort [9]']","These creatures can easily be seen, with their sapphire-hued bodies protruding from the ground. They are harmless when left undisturbed. ",1
16,Giant Beast Skeleton,http://eldenring.wiki.fextralife.com/file/Elden-Ring/giant-beast-skeleton-enemy-sote-elden-ring-wiki-guide.jpg,"[""Dragon's Pit"", ""Charo's Hidden Grave"", 'Castle Watering Hole Northeast', 'North Ruins of Unte', 'Above Shadow Keep East Tunnel']","['Human Bone Shard', 'Bolt', 'Grave Scythe', 'Sun Realm Shield', ""Bandit's Curved Sword""]","These skeletal guardians are relentless in their patrols, being at the ready for intruders who dare trespass their domains. ",1
17,Living Magma,http://eldenring.wiki.fextralife.com/file/Elden-Ring/living-magma-enemy-sote-elden-ring-wiki-guide.jpg,"['Ruined Forge Lava Intake', 'Ruined Forge of Starfall Past', ""Taylew's Ruined Forge""]","['Gas Stone', 'Smithing Stone [1]', 'Smithing Stone [2]', 'Smithing Stone [3]', 'Somber Smithing Stone [1]', 'Somber Smithing Stone [2]', 'Somber Smithing Stone [3]']","These blazing entities embody the raw, untamed power of fire itself. ",1
18,Inquisitor,http://eldenring.wiki.fextralife.com/file/Elden-Ring/inquisitor-enemy-sote-elden-ring-wiki-guide.jpg,"[""Midra's Manse"", 'Darklight Catacombs', 'Fog Rift Catacombs', 'Belurat Tower Settlement', 'Enir-Ilim', 'Scadu Altus', 'Abyssal Woods']",['Golden Horn Tender'],These mages stand vigilant within the dimly lit catacombs of the Lands of Shadow. ,1
19,Divine Bird Warrior,http://eldenring.wiki.fextralife.com/file/Elden-Ring/divine-bird-warrior-enemy-sote-elden-ring-wiki-guide.jpg,"['Enir-Ilim', 'Ancient Ruins of Rauh']",['To be added'],"They are the very first of all horned warriors, donning helms of entwined horns and divine bird masks that enable the wearer to invoke divinity. Their armor, greaves, and gauntlets are crafted from golden metal. It is said that the golden-hued divine birds are known to be cruel, shunning human companionship. Few have ever succeeded in invoking their divine power. ",1
20,Messmer Soldier,http://eldenring.wiki.fextralife.com/file/Elden-Ring/messmer-soldier-enemy-sote-elden-ring-wiki-guide.jpg,"['Scorpion River Catacombs', 'Castle Ensis', 'Church of Consolation', 'Ellac Greatbridge', 'Fog Rift Fort', 'Fog Rift Catacombs', 'Shadow Keep']",['To be added'],"Loyal soldiers who serve Messmer the Impaler. These warriors don iron helms with visors. Their foreheads bear a Scadutree design etched in gold. They are clad in rusted chainmail covered by a ragged cloak, and their chestpieces also feature the Scadutree motif, also engraved with gold. ",1
21,Shadow Militiamen,http://eldenring.wiki.fextralife.com/file/Elden-Ring/shadow-militiamen-enemy-sote-elden-ring-wiki-guide.jpg,"['Shadow Keep', 'Gravesite Plain', 'Abyssal Woods', 'Scadu Altus']","['???', 'Vulgar Militia Saw', 'Vulgar Militia Shotel', 'Shadow Militiaman Helm', 'Shadow Militiaman Armor', 'Shadow Militiaman Gauntlets', 'Shadow Militiaman Greaves', 'Kukri']",These small and agile warriors found their place amid the darkened ruins and cursed Lands of Shadow. ,1
22,Furnace Golem,http://eldenring.wiki.fextralife.com/file/Elden-Ring/furnace-golem-elite-enemy-sote-er-wiki-guide-300px.jpg,['Multiple Locations'],['Crystal Tears and Furnace Visage'],,0
23,Messmer Foot Soldier,http://eldenring.wiki.fextralife.com/file/Elden-Ring/messmerr-foot-soldier-enemy-sote-elden-ring-wiki-guide.jpg,"['Belurat Gaol', 'Bonny Gaol', ""Lamenter's Gaol"", 'Castle Ensis', 'Fort of Reprimand', 'Shadow Keep']","['???', 'Dagger', 'Short Sword', ""Soldier's Crossbow"", 'Short Spear', 'Common Soldier Helm', 'Common Soldier Cloth Armor', 'Common Soldier Gauntlets', 'Common Solider Greaves', 'Bolt', 'Furnace Visage']","Base level soldiers, devoted followers of Messmer the Impaler. ",1
24,Horned Shaman,http://eldenring.wiki.fextralife.com/file/Elden-Ring/horned-shaman-enemy-sote-elden-ring-wiki-guide.jpg,['Enir-Ilim'],"['Somber Smithing Stone [7]', 'Somber Smithing Stone [8]', 'Somber Smithing Stone [9]']","These shamans remain stationary, cloaked in golden robes and giant horns protruding from their heads, with long white hair cascading down their backs. Their gaze spans great distances, ensuring that no one can approach unnoticed. They strike from afar, unleashing powerful spells upon any who dare intrude on the sacred grounds of Enir-Ilim. ",1
25,Demi-Human Swordmaster,,"['Belurat Gaol', 'Cerulean Coast', ""Charo's Hidden Grave""]",['To be added'],"These small but formidable creatures are adept swordsmen, moving with nimble agility and striking their opponents with speed and precision. They can swiftly approach their opponents from behind to catch them off guard. ",1
26,Putrescence Sorcerer,http://eldenring.wiki.fextralife.com/file/Elden-Ring/inquisitor2-enemy-sote-elden-ring-wiki-guide.jpg,"['Fog Rift Catacombs', 'Scorpion River Catacombs', 'Darklight Catacombs']",['To be added'],"These malevolent mages cloaked in robes that reek of decay stand silently within their posts, ready to cast death sorceries upon intruders. ",1
27,Shadow Commoner,http://eldenring.wiki.fextralife.com/file/Elden-Ring/shadow-commoner-enemy-sote-elden-ring-wiki-guide.jpg,['Commonly found across all locations.'],"['???', 'Smithing Stone [2]', 'Smithing Stone [3]', 'Smithing Stone [4]', 'Ember of Messmer', 'Beast Horn', 'Rada Fruit', 'Redflesh Mushroom', 'Whiteflesh Mushroom', 'Knot Resin', 'Blessed Bone Shard', 'Deep-purple Lily', 'Winter-Lantern Fly', 'Silver Horn Tender', 'Surging Frenzied Flame', 'Black Pyrefly']","Haunting figures found throughout the Lands of Shadow. Unlike their aggressive counterparts, these beings are often seen in a state of series stillness, either kneeling in silent prayer or just standing around in corners, lost in their own thoughts. ",1
28,Giant Bat,http://eldenring.wiki.fextralife.com/file/Elden-Ring/giant_bat_1_enemies_elden_ring_wiki_600px.jpg,['All across the Lands Between.'],"['47 - 887 Runes', 'Golden Runes']",,0
29,Warhawk,http://eldenring.wiki.fextralife.com/file/Elden-Ring/warhawk_enemies_elden_ring_wiki_600px.jpg,"['Castle Sol', 'Crumbling Farum Azula', 'Divine Tower of Limgrave', 'Mountaintops of the Giants', 'Stormveil Castle']","[""56 - 1039 Runes Warhawk's Talon Flight Pinion Stormhawk Feather""]","Stormhawks that have had their talons sliced off, so that razor-fine swords could be grafted in their place. They react with extreme aggression, using their mobility in combination with their deadly talons. ",0
30,Boar,http://eldenring.wiki.fextralife.com/file/Elden-Ring/boar-1-enemy-elden-ring-wiki.jpg,"['Limgrave', 'Siofra River']","['4 - 16 Runes', 'Hefty Beast Bone', 'Lump of Flesh', 'Beast Blood', 'Gold-Tinged Excrement', 'Old Fang']","The Boars of Limgrave are less aggressive than normal, but should not be assumed to be passive ",0
31,Crab,http://eldenring.wiki.fextralife.com/file/Elden-Ring/crab_enemies_elden_ring_wiki_600px.jpg,"['Found near bodies of water in the Lands Between.', 'Shadow Keep', 'Gravesite Plain', 'Abyssal Woods', 'Scadu Altus']",['10 - 839 Runes Crab Eggs Strip of White Flesh'],Only those of comfort and means know the truth: a crab's eggs are more delectable than its meat. ,0
32,Deer,http://eldenring.wiki.fextralife.com/file/Elden-Ring/deer_enemies_elden_ring_wiki_600px.jpg,"['West Limgrave', 'South West Liurnia of The Lakes']","[""4 - 27 Runes Thin Animal Bones Sliver of Meat Beast Liver Budding Horn Beast Horn Empyrean-Blood Burgeon Dragon's Calorbloom Nectarblood Burgeon Spirit Calculus""]","Deer roam freely in the plains on Limgrave, now that hunters have all but disappeared ",0
33,Dog,http://eldenring.wiki.fextralife.com/file/Elden-Ring/dog-troll-boss-elden-ring-wiki-guide.jpg,"['Dragon-Burnt Ruins', 'Stormhill', 'Liurnia of the Lakes', 'The Four Belfries', 'Consecrated Snowfield']",['52 - 1390 Runes Thin Beast Bones Beast Blood'],,0
34,Giant Dragonfly,http://eldenring.wiki.fextralife.com/file/Elden-Ring/dragonfly_enemies_elden_ring_wiki_600px.jpg,['Near swampy areas in the Lands Between and Lands of Shadow'],"['4 - 41 Runes', 'Great Dragonfly Head']",,0
35,Eagle,http://eldenring.wiki.fextralife.com/file/Elden-Ring/hawk_enemies_elden_ring_wiki_600px.jpg,['Everywhere in the Lands Between'],"['4 - 27 Runes', 'Four-Toed Fowl Foot', 'Flight Pinion', 'Beast Horn', ""Dragon's Calorbloom"", 'Nectarblood Burgeon', 'Spirit Calculus']",,0
36,Putrid Corpse,http://eldenring.wiki.fextralife.com/file/Elden-Ring/putrid_corpse_enemies_elden_ring_wiki_600px.jpg,['Various'],"['25 - 1266 Runes', 'Mushroom', 'Melted Mushroom', 'Toxic Mushroom', 'Bloodrose']",Their movements are dull and confused... True death does not come easily for them. ,0
37,Giant Crab,http://eldenring.wiki.fextralife.com/file/Elden-Ring/giant-crab-enemy-elden-ring-wiki-guide.jpg,"['Found anywhere near water in the Lands Between', 'Shadow Keep', 'Cerulean Coast', 'Gravesite Plain', 'Abyssal Woods', 'Scadu Altus']",['318 - 4961 Runes Crab Eggs Strip of White Flesh'],,0
38,Giant Land Octopus,http://eldenring.wiki.fextralife.com/file/Elden-Ring/giant_land_octupus_enemies_elden_ring_wiki_600px.jpg,['Commonly found in watery areas'],"['187 - 4995 Runes', 'Land Octopus Ovary', 'Strip of White Flesh', 'Octopus Head']",,0
39,Giant Miranda Sprout,http://eldenring.wiki.fextralife.com/file/Elden-Ring/giant_miranda_sprout_enemies_elden_ring_wiki_600px.jpg,['Everywhere in the Lands Between'],"['256 - 5825 Runes', 'Poisonbloom', 'Miranda Powder', 'Cracked Crystal']",,0
40,Guillemot,http://eldenring.wiki.fextralife.com/file/Elden-Ring/guillemot_enemies_elden_ring_wiki_600px.jpg,"['Limgrave', 'Weeping Peninsula', 'Caelid']","['4 - 21 Runes', 'Flight Pinion', 'Four-Toed Fowl Foot']",,0
41,Land Octopus,http://eldenring.wiki.fextralife.com/file/Elden-Ring/land_octopus_small.jpg,['Everywhere near bodies of water'],"['11 - 435 Runes', 'Octopus Head', 'Land Octopus Ovary', 'Strip of White Flesh', 'Sacramental Bud']",,0
42,Owl,http://eldenring.wiki.fextralife.com/file/Elden-Ring/owl.jpg,['All across the Lands Between and Lands of Shadow'],['4 - 16 Runes Slumbering Egg Beast Horn Nectarblood Burgeon Spirit Calculus'],"Nocturnal creatures, owls can often be seen perched on cliffsides, looking for preys. ",0
43,Miranda Sprout,http://eldenring.wiki.fextralife.com/file/Elden-Ring/miranda_sprout_toxic_pink.jpg,['Across the Lands Between'],"['14 - 778 Runes', 'Poisonbloom', 'Miranda Powder', ""Miquella's Lily""]","Sweet little carnivorous blossoms that feed upon human flesh. They creep slowly, scattering toxic pollen. They are vulnerable to fire. ",0
44,Land Squirt,http://eldenring.wiki.fextralife.com/file/Elden-Ring/land_squirt_enemies_elden_ring_wiki_600px.jpg,"['Dragon-Burnt Ruins', 'Shores of Limgrave', 'Liurnia of the Lakes', 'Capital Outskirts', ""Giants' Mountaintop Catacombs""]","['13 - 215 Runes', 'Golden Runes', 'Strip of White Flesh', 'Poisonbloom']","The firm, fleshy tubes of the creatures remain rooted to the spot, spraying poisonous liquid over their surroundings. ",0
45,Giant Rat,http://eldenring.wiki.fextralife.com/file/Elden-Ring/rat_wildlife_creature_elden_ring_wiki_guide_300px.jpg,"['Limgrave Tunnels', 'Ailing Village', 'Tombsward Cave', 'Altus Plateau']","['13 - 514 Runes (Small) 94 - 2008 Runes (Large)', 'Rune Arc', 'Golden Rune [1]', 'Golden Rune [3]']",[They] swarm upon their victims... These vermin seem to multiply incessantly. ,0
46,Springhare,http://eldenring.wiki.fextralife.com/file/Elden-Ring/rabbitgaroo_enemies_elden_ring_wiki_600px.jpg,['Across the Lands Between and Lands of Shadow'],"['4 - 27 Runes', 'Thin Animal Bones', 'Sliver of Meat', 'Beast Liver', 'Beast Horn', ""Dragon's Calorbloom"", 'Nectarblood Burgeon', 'Spirit Calculus']",,0
47,Sheep,http://eldenring.wiki.fextralife.com/file/Elden-Ring/sheep_enemies_elden_ring_wiki_600px.jpg,['Pastures throughout The Lands Between and Lands of Shadow'],"['4 - 54 Runes', 'Thin Beast Bones', 'Budding Horn', 'Fulgurbloom', 'Sliver of Meat', 'Beast Liver', 'Yellow Fulgurbloom', 'Beast Horn', 'Empyrean-Blood Burgeon', ""Dragon's Calorbloom"", 'Nectarblood Burgeon', 'Spirit Calculus']","The wild sheep of the Lands Between have been roaming the wilds ever since The Shattering. They are timid and will often run away when spotted, with some even balling up and rolling away. ",0
48,Skeletal Slime,http://eldenring.wiki.fextralife.com/file/Elden-Ring/skeletal-slime-1-enemy-elden-ring-wiki.jpg,"['Limgrave', 'Weeping Peninsula', 'Tombsward Cave', 'Redmane Castle', 'Writheblood Ruins', 'Wyndham Catacombs', 'Seethewater Cave', 'Minor Erdtree Catacombs', 'Consecrated Snowfield']",['16 - 613 Runes Glass Shard Thin Beast Bones Hefty Beast Bone'],,0
49,Spirit Jellyfish,http://eldenring.wiki.fextralife.com/file/Elden-Ring/jellyfish_enemies_elden_ring_wiki_600px.jpg,['All across the Lands Between'],"[""14 - 569 Runes Grave Gloveworts Golden Rune [3] Trina's Lily""]","Ethereal beings usually found near places of rest, acting as protectors. They are usually peaceful, but if angered, they attack with deadly poison fired from a distance. ",0
50,Teardrop Scarabs,http://eldenring.wiki.fextralife.com/file/Elden-Ring/scarab_enemies_elden_ring_wiki_600px.jpg,All across the Lands Between and Lands of Shadow,Varied drops,"These scarabs often roll clumps of valuable ashes of war during their labors, along with crimson and cerulean tears. They are very skittish, and will often flee when spotted. ",0
51,Turtle,http://eldenring.wiki.fextralife.com/file/Elden-Ring/turtle_enemies_elden_ring_wiki_600px.jpg,"['Limgrave', 'Liurnia of the Lakes', 'Altus Plateau', 'Gravesite Plain', 'Scadu Altus']","['4 - 21 Runes', 'Turtle Neck Meat', 'Strip of White Flesh', 'Beast Horn', 'Nectarblood Burgeon', 'Spirit Calculus']","Turtles are known as a nutritious ingredient, symbolic of inexhaustible power. However, those who hold turtles to be wise creatures consider the practice of eating their meat to be barbarous. ",0
52,Lone Wolf,http://eldenring.wiki.fextralife.com/file/Elden-Ring/lone_wolf_enemies_elden_ring_wiki_600px.jpg,"['Limgrave', 'Liurnia of The Lakes', 'Groveside Cave', 'Consecrated Snowfield', 'Rivermouth Cave', 'Scadu Altus']","['55 - 1470 Runes (Grey Variant)', '97 - 2077 Runes (White Variant)', 'Thin Animal Bones', 'Lump of Flesh']","Lone Wolves roam the Lands Between in packs, overwhelming targets with their agility ",0
53,Stray,http://eldenring.wiki.fextralife.com/file/Elden-Ring/rotten_stray_1_enemies_elden_ring_wiki_600px.jpg,['All across the Lands Between and Lands of Shadow'],['52 - 1829 Runes Ruin Fragment Thin Beast Bones Beast Blood Sanctuary Stone Sacramental Bud'],"...Stray dog. ...Though it is only a small creature, it is as violent as it is nimble. ",0
54,Bloody Finger Nerijus,http://eldenring.wiki.fextralife.com/file/Elden-Ring/bloody_finger_nerijus_enemies_elden_ring_wiki_600px.jpg,"['Invades on the ravine leading north-east from Agheel Lake, toward Murkwater Catacombs']","['1294 Runes (NG ) 431 Runes (NG, Co-op) Other Drops:', 'Reduvia']","If it isn't Nerijus, The Bloody Finger. The end is nigh. For you, and your cessblood. - Yura ",0
55,Exile Soldier,http://eldenring.wiki.fextralife.com/file/Elden-Ring/exile-soldier-1-enemy-elden-ring-wiki.jpg,"[""Fringefolk Hero's Grave"", 'Stormveil Castle', 'Castle Sol']","['39 - 938 Runes', 'Exile Set', 'Torchpole', 'Spear', ""Crescent Moon Axe Soldier's Crossbow Smithing Stones Stormhawk Feather Smoldering Butterfly Mushroom""]","...Soldiers sent to the penal colonies, who were required to keep their faces hidden. ",0
56,Demi-Human,http://eldenring.wiki.fextralife.com/file/Elden-Ring/demi-human_enemies_elden_ring_wiki_600px.jpg,"['Limgrave', 'Weeping Peninsula', 'Liurnia of the Lakes', 'Caelid', 'Mt Gelmir', 'Altus Plateau', 'Mountaintops of the Giants']","['42 - 561 Runes', 'Rickety Shield', 'Falchion', 'Spiked Club', 'Great Knife', 'Bloodstained Dagger', 'String', 'Glowstone', 'Rainbow Stone', 'Ruin Fragment']","Demi-Humans are small in stature, but they have a violent, brutish disposition. Though they seem somewhat intelligent, when night falls, their blood boils and they become feral. ",0
57,Golem,http://eldenring.wiki.fextralife.com/file/Elden-Ring/golem_hostile_humanoids_elden_ring_wiki_guide_300px.jpg,"['Stormhill', 'Castle Morne', 'Ainsel River Well', 'Leyndell, Royal Capital', 'Mountaintops of the Giants']","[""844 - 3927 Runes Golem's Halberd Golem Greatbow Great Arrow Golem's Great Arrow Golem's Magic Arrow Smithing Stones""]",,0
58,Imp,http://eldenring.wiki.fextralife.com/file/Elden-Ring/fanged-imp-1-enemy-elden-ring-wiki.jpg,"['Many Catacombs', ""Many Heroes' Graves"", 'Auriza Side Tomb', 'The rooftops of Leyndell Royal Capital', 'The pipes of the Subterranean Shunning-Grounds']","['40 - 1784 Runes', 'Imp Head (Cat)', 'Imp Head (Wolf)', 'Imp Head (Fanged)', 'Imp Head (Long-Tongued)', 'Forked Hatchet', 'Forked Greatsword', 'Smithing Stones', 'Smoldering Butterfly', 'Glintstone Firefly', 'Fulgurbloom', 'Mushroom']","These spirits are well suited to causing a disturbance, moving nimbly like pests and hurling magic pots. ",0
59,Miner,http://eldenring.wiki.fextralife.com/file/Elden-Ring/miners_hostile_humanoids_elden_ring_wiki_guide_300px.jpg,"['Limgrave Tunnels', 'Sealed Tunnel', 'Liurnia of the Lakes', 'Ruin-Strewn Precipice', 'Morne Tunnel', 'Gael Tunnel', 'Old Altus Tunnel', 'Yelough Anix Tunnel']","['92 - 1961 Runes', 'Pickaxe', 'Explosive Stone', 'Explosive Stone Clump', 'Poisoned Stone', 'Poisoned Stone Clump', 'Smithing Stones', 'Gravel Stone', 'Cracked Crystal']",,0
60,Troll,http://eldenring.wiki.fextralife.com/file/Elden-Ring/troll-1-elden-ring-wiki-guide.jpg,['Throughout the Lands Between'],"['1000 - 7800 Runes', 'Eye of Yelough', 'Arteria Leaf', 'Troll Knight’s Sword']","The lesser giants who fought for the Erdtree during the War against the Giants long ago. Though the giants have lost their minds, they stay inseparable from their swords that are in sad shape—such that the gold plating had flaked away. ",0
61,Kaiden Sellsword,http://eldenring.wiki.fextralife.com/file/Elden-Ring/kaiden_sellsword_enemies_elden_ring_wiki_600px.jpg,"['Limgrave', 'Weeping Peninsula', 'Consecrated Snowfield']","['282 - 4399 Runes Kaiden Set Dismounter', 'Rowa Raisin Sweet Raisin Frozen Raisin']","These hulking, fearless mercenaries, said to hail from the mountaintops of the wintry north, are adept at fighting on horseback. Kaiden is the name of their home settlement. ",0
62,Godrick Soldier,http://eldenring.wiki.fextralife.com/file/Elden-Ring/godrick_soldier_enemies_elden_ring_wiki_600px.jpg,"['Limgrave', 'Gatefront Ruins', 'Castle Morne', 'Stormgate', 'Tower of Return']","['38 - 70 Runes', 'Godrick Soldier Set', ""Lordsworn's Straight Sword"", 'Warpick', 'Heavy Crossbow', ""Lordsworn's Shield"", 'Brass Shield', 'Bolt', ""Lordsworn's Bolt"", 'Smithing Stone [1]']",The soldiers who serve Godrick the Grafted are what remains of the army that fled the royal capital of the Erdtree. ,0
63,Godrick Foot Soldier,http://eldenring.wiki.fextralife.com/file/Elden-Ring/godrick_foot_soldier_enemies_elden_ring_wiki_600px.jpg,['Limgrave'],"['56 - 59 Runes', 'Godrick Foot Soldier Set', 'Dagger', 'Short Sword', 'Short Spear', ""Soldier's Crossbow"", 'Bolt', 'Smoldering Butterfly', 'Mushroom']",,0
64,Skeletal Militiaman,http://eldenring.wiki.fextralife.com/file/Elden-Ring/skeleton_enemies_elden_ring_wiki_600px.jpg,['In the beaches and graveyards of the Lands Between'],"['35 - 682 Runes', 'Human Bone Shard']","Militiamen who live in Death, and will continue to rise again until properly finished off. This is the grotesque fate of those who come into contact with Deathroot. ",0
65,Skeletal Bandit,http://eldenring.wiki.fextralife.com/file/Elden-Ring/skeletal_bandit_enemies_elden_ring_wiki_600px.jpg,['Dungeons and graveyards of the Lands Between'],"['35 - 682 Runes', ""Bandit's Curved Sword Human Bone Shard""]","The remains of former bandits that will continue to rise again until properly finished off. After the night of the plot, Deathroot appeared in the Lands Between, and Those Who Live in Death soon followed. ",0
66,Skeleton Mage,http://eldenring.wiki.fextralife.com/file/Elden-Ring/skeleton_mage_1_enemies_elden_ring_wiki_600px.jpg,['Typically found in graveyards across the Lands Between'],"['108 - 682 Runes', 'Grave Scythe', 'Human Bone Shard']", ,0
67,Living Jar,http://eldenring.wiki.fextralife.com/file/Elden-Ring/living_jars_enemies_elden_ring_wiki_600px.jpg,['Multiple Locations'],"['50 - 518 Runes (Small)', '353 - 1831 Runes (Large)', 'Living Jar Shard', 'Raw Meat Dumpling (Large)']","Though the jars are brought to life by human flesh and blood, they are all rather kindly folk. Perhaps they were made to be better than their innards. Their fragments command a high price due to the magical power locked within. This leaves the living jars unfortunate targets for poachers. ",0
68,Lesser Alabaster Lord,http://eldenring.wiki.fextralife.com/file/Elden-Ring/lesser_alabaster_lord_enemies_elden_ring_wiki_600px.jpg,"['Seaside Ruins', 'Yelough Anix Tunnel', 'Ailing Village']","['311 - 4852 Runes', 'Alabaster Lord’s Sword', 'Ash of War: Gravitas']",A race of ancients with skin of stone who were said to have risen to life when a meteor struck long ago. ,0
69,Misbegotten,http://eldenring.wiki.fextralife.com/file/Elden-Ring/misbegotten_alt_enemies_elden_ring_wiki_600px.jpg,"['Castle Morne', 'Mt. Gelmir', 'Miquella’s Haligtree', 'Leyndell, Royal Capital']","['58 - 6810 Runes', 'Iron Cleaver', 'Misbegotten Shortbow', 'Longhaft Axe', 'Iron Greatsword', 'Old Fang']","The misbegotten are held to be a punishment for making contact with the Crucible, and from birth they are treated as slaves, or worse. ",0
70,Wandering Nobles,http://eldenring.wiki.fextralife.com/file/Elden-Ring/wandering-noble-10-enemy-elden-ring-wiki.jpg,"['Most Main Roadways', 'Near or around ruins that have fallen from the sky', 'Volcano Manor', ""Gelmir Hero's Grave""]","['11 - 743 Runes', 'Aristocrat Set', 'Old Aristocrat Set', 'Aristocrat Hat', 'Glintstone Staff', ""Noble's Estoc"", ""Noble's Slender Sword"", 'Ruin Fragment', 'Rowa Fruit', 'Herba', 'Erdleaf Flower', 'Golden Sunflower', 'Fire Blossom', 'Rimed Crystal Bud', 'Ruin Fragment']","Abandoning their birthplace after the Shattering, these undead beings are the pitiful product of unending life. They are most commonly found struggling to maintain balance while roaming the fields of The Lands Between. Surely they were in search of something once - but whatever it was has long been forgotten. ",0
71,Noble Sorcerer,http://eldenring.wiki.fextralife.com/file/Elden-Ring/noble-sorcerer-2-enemy-elden-ring-wiki.jpg,['Various'],"['Glintstone Staff', 'Aristocrat Headband', 'Aristocrat Garb', 'Aristocrat Boots', 'Rowa Fruit', 'Ruin Fragment', 'Erdleaf Flower']",Noble Sorcerers are frail old men wearing tattered garbs and a dirty yellow cape. They use a standard glintstone staff as both a sorcery catalyst and walking stick. ,0
72,School of Graven Mages,http://eldenring.wiki.fextralife.com/file/Elden-Ring/school_of_graven_mages_enemies_elden_ring_wiki_600px.jpg,"['Weeping Peninsula', 'Liurnia of the Lakes', 'Caelid', 'Consecrated Snowfield', 'Various Towers across The Lands Between']",['50 - 1285 Runes'],"The primeval current is a forbidden tradition of glintstone sorcery. To those who cleave to its teachings, the act of collecting sorcerers to fashion them into the seeds of stars is but another path of scientific inquiry. ",0
73,Recusant Henricus,http://eldenring.wiki.fextralife.com/file/Elden-Ring/recusant_henricus_enemies_elden_ring_wiki_600px.jpg,['East of Stormhill Shack'],"['338 Runes (NG+)', 'Hammer Talisman']","An invader serving the Volcano Manor, tasked with hunting down fellow Tarnished. His large mace can make quick of any unfortunate targets. ",0
74,Mounted Knight,http://eldenring.wiki.fextralife.com/file/Elden-Ring/mounting_knight_enemies_elden_ring_wiki_300px.jpg,['North-east region of Limgrave'],['Ash of War: Golden Vow'],,0
75,Lookout Stones,http://eldenring.wiki.fextralife.com/file/Elden-Ring/stone_cluster_enemies_elden_ring_wiki_600px.jpg,"['Found near Evergaols, cemeteries, and specific points of interest.']","['23 - 499 Runes', 'Ruin Fragment', 'Sanctuary Stone', 'Volcanic Stone']",,0
76,Wild Mouflon,http://eldenring.wiki.fextralife.com/file/Elden-Ring/mouflon_enemies_elden_ring_wiki_300px.jpg,['Stormhill'],['None'],Wild Mouflons become hostile when threatened and fight their aggressors by charging forward and striking them with their large horns. ,0
77,Godrick Knight,http://eldenring.wiki.fextralife.com/file/Elden-Ring/godrick_knight_enemies_elden_ring_wiki_600px.jpg,['Limgrave'],"['260 - 273 Runes', 'Godrick Knight Set', ""Knight's Greatsword"", 'Partisan', 'Gilded Greatshield']",,0
78,Chanting Winged Dame,http://eldenring.wiki.fextralife.com/file/Elden-Ring/chanting_dame_1_enemies_elden_ring_wiki_600px.jpg,"['Weeping Peninsula', 'Stillwater Cave', 'Ruin-Strewn Precipice', 'Caelid', 'Fort Faroth']","['110 - 1518 Runes', 'Golden Runes']",,0
79,Lesser Runebear,http://eldenring.wiki.fextralife.com/file/Elden-Ring/lesser_runebear_3_enemies_elden_ring_wiki_600px.jpg,"['Open field areas, forests, and caves']","['1196 - 9329 Runes', 'Beast Blood', 'Gold-tinged Excrement', 'Hefty Beast Bone', 'Lump of Flesh']",,0
80,Commoner,http://eldenring.wiki.fextralife.com/file/Elden-Ring/commoner_enemies_elden_ring_wiki_600px.jpg,"['Stormveil Castle', 'Ailing Village', 'Black Knife Catacombs', 'Frenzied Flame Village', 'Redmane Castle', 'Altus Plateau', 'Volcano Manor', 'Capital Outskirts', 'Leyndell Royal Capital', 'Subterranean Shunning-Grounds', 'Yelough Anix Ruins']","['40 - 1020 Runes', ""Commoner's Set"", 'Weathered Straight Sword', 'Glass Shard', 'Yellow Ember']","The boards that hang from their necks depicts a sprawling tree, its roots and branches forming two holes. A self imposed shackle, that displayed their allegiance to the Erdtree. ...Only, there are no commoners remaining with their wits about them. ",0
81,Banished Knight,http://eldenring.wiki.fextralife.com/file/Elden-Ring/banished-knight-2-enemy-elden-ring-wiki.jpg,"['Stormveil Castle', 'Cathedral of Dragon Communion', 'Castle Sol', 'Crumbling Farum Azula']","['168 - 3091 Runes', 'Banished Knight Set', ""Banished Knight's Greatsword"", ""Banished Knight's Halberd"", ""Banished Knight's Shield""]","Many knights were sent to the fringes, where they were forced to start anew with only despair for company. These fierce warriors were each and all accomplished. Perhaps that is why, despite their territorial losses, they were still named knights. ",0
82,Omen,http://eldenring.wiki.fextralife.com/file/Elden-Ring/omen_2_enemies_elden_ring_wiki_600px.jpg,"['Stormveil Castle', 'Cliffbottom Catacombs', 'Unsightly Catacombs', 'Altus Plateau', ""Auriza Hero's Grave"", 'Leyndell Catacombs', 'Subterranean Shunning-Grounds']","['451 - 2520 Runes', 'Omen Cleaver', 'Warped Axe']",,0
83,Burning Slug,http://eldenring.wiki.fextralife.com/file/Elden-Ring/burning_slugs_enemies_elden_ring_wiki_300px.jpg,"['Stormhill', 'Liurnia of The Lakes', 'Mt Gelmir', 'Capital Outskirts', 'Mountaintops of the Giants', 'Consecrated Snowfield']","['12 - 474 Runes', 'Smoldering Butterfly']",,0
84,Flame Chariot,http://eldenring.wiki.fextralife.com/file/Elden-Ring/flame_chariots_enemies_elden_ring_wiki_600px.jpg,"['Liurnia of The Lakes', 'Fort Laiedd', 'Fort Gael']","['1270 - 2328 Runes', 'Smoldering Butterfly', 'Fire Blossom', 'Smithing Stones']",Beware the Fire Monks' chariots bearing the faces of giants. - Note: Flame Chariots ,0
85,Fire Monk,http://eldenring.wiki.fextralife.com/file/Elden-Ring/flame_monk_enemies_elden_ring_wiki_600px.jpg,"['Liurnia of the Lakes', 'Fort Laiedd', 'Mountaintops of the Giants']","['205 - 1076 Runes', 'Fire Monk Set', ""Monk's Flamemace"", ""Monk's Flameblade"", 'Smoldering Butterfly', 'Fire Blossom']","The Fire Monks are guardians of the flame of ruin, forbidden by the Erdtree and said to be kept high in the Mountaintops of the Giants. The monks came to the land of Liurnia in pursuit of a fugitive who stole their fire. ",0
86,Leyndell Knight,http://eldenring.wiki.fextralife.com/file/Elden-Ring/leyndell_knight_1_enemies_elden_ring_wiki_600px.jpg,"['Liurnia of The Lakes', 'Altus Plateau', 'Mt Gelmir', 'Leyndell, Royal Capital']","['620 - 1310 Runes', 'Leyndell Knight Set', ""Knight's Greatsword"", 'Partisan', 'Greatbow', 'Golden Greatshield', 'Great Arrow']",Knights sworn to defend the royal capital of Leyndell. The golden canopy atop their helmets represent the honor of standing among the tree's defenders. ,0
87,Marionette Soldier,http://eldenring.wiki.fextralife.com/file/Elden-Ring/marionette_soldier_1_enemies_elden_ring_wiki_600px.jpg,"['Witchbane Ruins', 'Liurnia of the Lakes', 'Raya Lucaria Academy', 'Academy Gate Town', 'Raya Lucaria Crystal Tunnel', 'Mt Gelmir', 'Caelid', 'Heretical Rise', 'Scadu Altus']","['60 - 695 Runes', 'Marionette Soldier Set', 'Spiked Spear', 'Shortbow', 'Arrow', 'Cuckoo Glintstone']","Marionette soldiers were created to serve a sorcerer. On the verge of falling apart, they are ill—disciplined and attack without warning. ",0
88,Glintstone Sorcerer,http://eldenring.wiki.fextralife.com/file/Elden-Ring/glintstone_sorcerer_enemies_elden_ring_wiki_600px.jpg,"['Raya Lucaria Academy', 'Sellia, Town of Sorcery', 'Hermit Village']","['121 - 363 Runes', 'Raya Lucarian Sorcerer Set', 'Academy Glintstone Staff']","Glintstone sorcerers are the descendants of astrologers, a fact that the Carians remain aware of. Even if their fate has been long severed from the stars ",0
89,Lazuli Sorcerer,http://eldenring.wiki.fextralife.com/file/Elden-Ring/lazuli_sorcerer_enemies_elden_ring_wiki_600px.jpg,"['Caria Manor', 'Raya Lucaria Academy', 'Academy Crystal Cave', 'Sellia, Town of Sorcery']","['128 - 201 Runes', 'Lazuli Sorcerer Set', 'Lazuli Glintstone Sword']",Scholars of the Lazuli Conspectus study Carian sorceries - a heterodox pursuit that views the moon as equal to the stars. ,0
90,Twinsage Sorcerer,http://eldenring.wiki.fextralife.com/file/Elden-Ring/twinsage_sorcerer_enemies_elden_ring_wiki_600px.jpg,"['Raya Lucaria Academy', 'Academy Crystal Cave', 'Sellia, Town of Sorcery']","['133 - 212 Runes', 'Raya Lucarian Sorcerer Set', 'Academy Glintstone Staff']","Raya Lucaria sorcerers who wear a stone crown. T hose who study the Twinsage Conspectus are the academy's elite, capable of mastering the Glintstone Cometshard and Crystal Burst sorcereries. ",0
91,Ancestral Follower,http://eldenring.wiki.fextralife.com/file/Elden-Ring/ancestral-follower-enemies-elden-ring-wiki-guide-300px.jpg,"['Siofra River', 'Consecrated Snowfield', 'Minor Erdtree (Liurnia Northeast)', 'Nokron, Eternal City']","['182 - 2311 Runes', 'Thin Beast Bones', 'Budding Horn', 'Dwelling Arrow', 'Fur Leggings']","Horned folk who eschew letters and metalworking. The ancestral followers keep their distance from the Erdtree, awaiting new buds. They are certain to sprout from their very flesh, and indeed, their souls. ",0
92,Clayman,http://eldenring.wiki.fextralife.com/file/Elden-Ring/clayman_enemies_elden_ring_wiki_600px.jpg,"['Siofra River , Ainsel River']","['117 - 553 Runes', ""Clayman's Harpoon"", 'Silver Firefly']","The warped remains of priests who searched for revelation in service of the ancient dynasty, they employ two sorceries that produce smaller and larger bubbles. ",0
93,Skeletal Snail,http://eldenring.wiki.fextralife.com/file/Elden-Ring/skeletal-snail-enemy-elden-ring-wiki-guide-300px.jpg,"['Capital Outskirts', ""Sage's Cave"", 'Mountaintops of the Giants']","['148 - 317 Runes', 'Serpent Arrow']",,0
94,Vulgar Militiamen,http://eldenring.wiki.fextralife.com/file/Elden-Ring/vulgar_militia_1_enemies_elden_ring_wiki_600px.jpg,"['Ruin-Strewn Precipice', 'Liurnia of the Lakes', 'Forbidden Lands', 'Near the Bestial Sanctum', 'Gaol Cave']","['112 - 1559 Runes', 'Vulgar Militia Set', 'Vulgar Militia Saw', 'Vulgar Militia Shotel', 'Kukri']","In the Lands Between, the small were scorned, and so they formed their vulgar militia as a means to make a living, albeit in ignominy. Freshly-singed battlegrounds effusing with the stench of the dead. Forbidden lands that will be excised from the memory of history. This is where the vulgar militia serve, as untiring, unsung watchkeepers. ",0
95,Silver Tear,http://eldenring.wiki.fextralife.com/file/Elden-Ring/silver-tear-enemies-elden-ring-wiki-guide-300px.jpg,"['Nokron, Eternal City', 'Nokstella, Eternal City']","['246 - 472 Runes', 'Silver Tear Husk', 'Gravel Stone', 'Golden Rune (7)']","The Silver Tear makes mockery of life, reborn again and again into imitation. Perhaps, one day, it will be reborn a lord...  ",0
96,Fallen Hawks Soldier,http://eldenring.wiki.fextralife.com/file/Elden-Ring/fallen-soldier.jpg,"['Nokron, Eternal City', 'Siofra Aqueduct']","['246 Runes', 'Spiritflame Arrow', 'Iron Spear', 'Inverted Hawk Towershield', 'Dewkissed Herba']","When the band's last embers were used up in their long search, they began to burn the bones of their fellows, acquiring the cold ghostflame, but sealing their fate as dwellers of the underground for all eternity. ",0
97,Crucible Knights,http://eldenring.wiki.fextralife.com/file/Elden-Ring/crucible-knight-stormhill-3-min.jpg,All across the Lands Between and Lands of Shadow,Varied drops,,0
98,Giant Ant,http://eldenring.wiki.fextralife.com/file/Elden-Ring/giant_ant_enemies_elden_ring_wiki_600px.jpg,"['Ainsel River', 'Nokstella, Eternal City', 'Deeproot Depths', ""Miquella's Haligtree""]","['122 - 2268 Runes', 'Formic Rock', 'Rune Arc', ""Numen's Rune""]",,0
99,Nox Swordstress,http://eldenring.wiki.fextralife.com/file/Elden-Ring/nox_swordstress.jpg,"['Nokron, Eternal City', 'Nokstella, Eternal City']","['391 - 635 Runes', 'Nox Swordstress Set']","Long ago, the Nox invoked the ire of the Greater Will, and were banished deep underground. Now they live under a false night sky, in eternal anticipation of their liege. Of the coming age of the stars. And their Lord of Night. ",0
100,Baleful Shadow,http://eldenring.wiki.fextralife.com/file/Elden-Ring/baleful-shadow-enemies-elden-ring-wiki-guide-300px.jpg,['Ainsel River Main'],['8561 Runes'],I turned my back on the Two Fingers and we each have been cursing the other since. The Baleful Shadows... are their assassins. - Miniature Ranni ,0
101,Malformed Star,http://eldenring.wiki.fextralife.com/file/Elden-Ring/malformed-star-enemies-elden-ring-wiki-guide-300px.jpg,"['Ainsel River', ""Altus Tunnel / Perfumer's Grotto""]",['3844 - 7995 Runes'],,0
102,Mausoleum Knight,http://eldenring.wiki.fextralife.com/file/Elden-Ring/mauseleoum-knight-1-enemy-elden-ring-wiki.jpg,"['Bellum Highway', 'Consecrated Snowfield', 'Deeproot Depths']","['406 - 4056 Runes', 'Mausoleum Knight Set', ""Knight's Greatsword"", 'Partisan', 'Greatbow', 'Eclipse Crest Greatshield']","A self-inflicted curse ties the spirits of these loyal knights to the land, having willingly beheaded themselves so that they may serve their masters in death. ",0
103,Basilisk,http://eldenring.wiki.fextralife.com/file/Elden-Ring/basilisk_enemies_elden_ring_wiki_600px.jpg,"['The Shaded Castle', 'Mt Gelmir', ""Auriza Hero's Grave"", 'Deeproot Depths', 'Volcano Manor', 'Ainsel River', 'Lake of Rot', 'Subterranean Shunning-Grounds']","['130 - 819 Runes', 'Aeonian Butterfly']",,0
104,Highwayman,http://eldenring.wiki.fextralife.com/file/Elden-Ring/highwaymen_enemies_elden_ring_wiki_600px.jpg,['Murkwater Cave'],"['59 Runes', 'Highwayman Set', 'Short Sword', 'Dagger', 'Bolt', 'Smoldering Butterfly', 'Mushroom']","Former foot soldiers who have since turned to banditry. They ambush any who approach, wishing to take their valuables for themselves. ",0
105,Azula Beastman,http://eldenring.wiki.fextralife.com/file/Elden-Ring/azula_beastman_2_enemies_elden_ring_wiki_600px.jpg,['Crumbling Farum Azula'],"['1284 - 1584 Runes', ""Beastman's Cleaver"", ""Beastman's Curved Sword"", ""Beastman's Jar-Shield"", 'Gravel Stone', 'Sanctuary Stone']","Beastmen from doomed Farum Azula, the slowly crumbling ruins in the skies. These ruins are said to be the remains of a giant mausoleum enshrining an ancient dragon, guarded by chosen beastmen who wield weapons clad in lightning. ",0
106,Farum Azula Dragon,http://eldenring.wiki.fextralife.com/file/Elden-Ring/dragon-at-crumbling-beast-grave.jpg,['Crumbling Farum Azula'],"['Ancient Dragon Smithing Stone (Greater Farum Azula Dragons only) Gravel Stone x3 (respawning Lesser Farum Azula Dragon only) Runes (32,400, 21,600, or 14,400 depending on type)']","Ancestors of the modern dragons, the ancient dragons had scales of Gravel Stone and wielded lightning as their weapon. It is said that they once attacked Leyndell, the Royal Capital. Spoken of in legend, red lightning is the weapon wielded by the ancient dragons. ",0
107,Lesser Wormface,http://eldenring.wiki.fextralife.com/file/Elden-Ring/lesser_wormface_enemies_elden_ring_wiki_600px.jpg,"['Altus Plateau', 'Crumbling Farum Azula']","['541 - 6812 Runes', 'Gold-Tinged Excrement', 'Sacrificial Twig']",,0
108,Lesser Red Wolf of Radagon,http://eldenring.wiki.fextralife.com/file/Elden-Ring/lesser_red_wolf_of_radagon_enemies_elden_ring_wiki_300px.jpg,"['Liurnia of The Lakes Consecrated Snowfield Nokron, Eternal City']","['1,386 - 8,190 Runes']","Extremely large wolves with scarlet fur, often found as the alpha of their pack. It is capable of casting Magic Glintblades, using them along with their blistering speed. ",0
109,Mausoleum Soldier,http://eldenring.wiki.fextralife.com/file/Elden-Ring/mauseleoum-soldier-1-enemy-elden-ring-wiki.jpg,"['Consecrated Snowfield', 'Liurnia of the Lakes', 'Weeping Peninsula', 'Deeproot Depths']","['67 - 1701 Runes', 'Mausoleum Soldier Set', ""Lordsworn's Straight Sword"", 'Warpick', 'Heavy Crossbow', ""Lordsworn's Shield"", 'Brass Shield', ""Lordsworn's Bolt"", 'Bolt', 'Smithing Stones']","...Soldiers who confound foes by disappearing and reappearing at will. The mausoleum is where the bodies of soulless demigods are lain to rest, and these soldiers followed their masters into Death by severing their own heads from their bodies. ",0
110,Battlemage,http://eldenring.wiki.fextralife.com/file/Elden-Ring/battlemage_enemies_elden_ring_wiki_600px.jpg,"['Academy Crystal Cave', 'Sellia Hideaway (outside)', 'West Windmill Pasture', ""Miquella's Haligtree""]","['417 - 5682 Runes', 'Battlemage Set', 'Stone Club', 'Somber Smithing Stones']","Whenever war broke out and the academy sealed its gates, only Haima's scholars dared venture outside. Seclusion is no way to foster discovery; it is only a convenient form of escape. Scholars of the Haima Conspectus sought the power to quell conflict, and to this end studied the sorceries of cannon fire and the gavel. ",0
111,Celebrant,http://eldenring.wiki.fextralife.com/file/Elden-Ring/celebrant_windmills_enemies_elden_ring_wiki_600px.jpg,"['Dominula, Windmill Village']","['279 Runes', 'Festive Set', 'Blue Festive Set', ""Celebrant's Cleaver"", ""Celebrant's Rib-Rake"", ""Celebrant's Sickle"", 'Human Bone Shard', 'Golden Rune [3]']","Dancers at the festivities in Dominula, the village of windmills. ",0
112,Crystal Snail,http://eldenring.wiki.fextralife.com/file/Elden-Ring/crystal_snail_5.jpg,"['Altus Tunnel', 'Liurnia of the Lakes', 'Consecrated Snowfield', 'Sellia Crystal Tunnel', 'Lakeside Crystal Cave', 'Moonlight Altar']","['42 - 727 Runes', 'Glintstone Firefly']","Snails with crystals growing from their shell. Normally found curled up within their shells blending in to their surroundings, will attack if provoked. ",0
113,Glintstone Miner,http://eldenring.wiki.fextralife.com/file/Elden-Ring/sorcerer_miner_enemies_elden_ring_wiki_600px.jpg,"['Altus Tunnel', 'Raya Lucaria Crystal Tunnel', 'Sellia Crystal Tunnel']","['155 - 569 Runes', ""Digger's Staff"", 'Glintstone Scrap', 'Large Glintstone Scrap', 'Somber Smithing Stones']","The ever-working miners of the tunnels, tasked with harvesting crystals from deep beneath. Their staff allows them to summon a drill to shatter rock and enemies alike. ",0
114,Avionette Soldier,http://eldenring.wiki.fextralife.com/file/Elden-Ring/avionette_soldier_enemies_elden_ring_wiki_600px.jpg,"['Raya Lucaria Academy', 'Mt Gelmir', 'Altus Tunnel', 'Caelid', 'Heretical Rise']","['163 - 695 Runes', 'Marionette Soldier Birdhelm', 'Cuckoo Glintstone']","Marionette soldiers with avian features that were created to serve a sorcerer. Equipped with long-hafted scythes and swords, they also attack from the skies by lobbing fire pots. Can sometimes malfunction when damaged ",0
115,Demi-Human Queen,http://eldenring.wiki.fextralife.com/file/Elden-Ring/demi-human_queen_enemies_elden_ring_wiki_600px.jpg,"['Demi-Human Forest Ruins', 'Gravesite Plain', 'Cerulean Coast', ""Charo's Hidden Grave""]","['1013 Runes', ""Demi-Human Queen's Staff"", 'Crystal Burst']",,0
116,Wraith Caller,http://eldenring.wiki.fextralife.com/file/Elden-Ring/wraith_caller_infobox_enemies_elden_ring_wiki_600px.jpg,"['Liurnia of the Lakes', 'Altus Plateau', 'The Shaded Castle', ""Sainted Hero's Grave"", 'Lunar Estate Ruins', 'Subterranean Shunning-Grounds']","['72 - 477 Runes', 'Grave Violet']",,0
117,Albinauric,http://eldenring.wiki.fextralife.com/file/Elden-Ring/albinauric_1_enemies_elden_ring_wiki_600px.jpg,"['Liurnia of the Lakes', 'Village of the Albinaurics', 'Caria Manor', 'Volcano Manor', 'Leyndell Royal Capital', 'Castle Sol', 'Consecrated Snowfield', 'Ordina Liturgical Town', 'Mohgwyn Palace']","['66 - 4711 Runes', 'Blue Silver Set', 'Black Dumpling', 'Dirty Chainmail', 'Curved Club', 'Curved Great Club', 'Ripple Crescent Halberd', 'Albinauric Bow', 'Albinauric Shield', ""St. Trina's Arrow"", 'Arrow', 'Glintstone Firefly', 'Albinauric Bloodclot']","Albinaurics are lifeforms made by human hands. Thus, many believe them to live impure lives, untouched by the Erdtree's grace. ",0
118,Chariot,http://eldenring.wiki.fextralife.com/file/Elden-Ring/chariot-enemy-creature-elden-ring-wiki-guide-300px-min.jpeg,"[""Fringefolk Hero's Grave"", ""Auriza Hero's Grave"", ""Gelmir Hero's Grave""]","['Erdtree Greatbow', 'Tree Sentinel Set', 'Ash of War: Holy Ground']",,0
119,Revenant,http://eldenring.wiki.fextralife.com/file/Elden-Ring/revenant_alt_enemies_elden_ring_wiki_600px.jpg,"['Laskyar Ruins', ""Sainted Hero's Grave"", 'The Shaded Castle', 'Sellia Hideaway', 'Lunar Estate Ruins', 'Subterranean Shunning-Grounds', 'Elphael, Brace of the Haligtree']","['1368 - 12121 Runes', 'Sacrificial Twig', 'Ghost Gloveworts']","A grotesque amalgamation of limbs, the Revenant is a creature with the body structure of an arachnid and the face of a human. Much like a spider, it possesses many limbs that seem to have been grafted onto its body, taken from diseased humans. The Revenant is capable of traveling through portals it creates with a peculiar form of magic, swiftly emerging behind a foe to catch them off guard. ",0
120,Lesser Mad Pumpkin Head,http://eldenring.wiki.fextralife.com/file/Elden-Ring/pumpkin_head_enemies_elden_ring_wiki_600px.jpg,"['Limgrave', 'Castle Morne', 'Raya Lucaria Academy', 'Fort Haight', 'Redmane Castle', 'Altus Plateau', 'Mt Gelmir']","['273 - 1032 Runes', 'Pumpkin Helm', 'Chainlink Flail', 'Smithing Stone [1]', 'Sanctuary Stone']","Though he has stifled his panic within the dark confines of his helmet, he rampages as if driven mad when agitated by bloodshed or the humming of insects. This mad soldier is all that is left of a broken gladiator. ",0
121,Grafted Scion,http://eldenring.wiki.fextralife.com/file/Elden-Ring/grafted_scion_enemies_elden_ring_wiki_600px1-min.jpg,All across the Lands Between and Lands of Shadow,Varied drops,,0
122,Perfumer,http://eldenring.wiki.fextralife.com/file/Elden-Ring/perfumer_infobox_enemies_elden_ring_wiki_300px.jpg,"[""Perfumer's Ruins"", ""Perfumer's Grotto"", 'Leyndell Royal Capital']","['370 - 563 Runes', 'Perfumer Set', ""Perfumer's Shield"", 'Miranda Powder', 'Budding Cave Moss', 'Altus Bloom']","In time past, the role of perfumer was much respected; a blessed apothecary in the eyes of the many. But after entering the battlefields of the Shattering they performed no such role, trading their aromatics for poisons and explosives ",0
123,Blackflame Monk,http://eldenring.wiki.fextralife.com/file/Elden-Ring/blackflame_monk_enemies_elden_ring_wiki_600px.jpg,"['Divine Tower of Caelid', 'Volcano Manor']","['830 - 1764 Runes', 'Blackflame Monk Set', 'Smoldering Butterfly', 'Fire Blossom']","The Blackflame Monks, enthralled by the god-slaying black flame, became traitors, abandoning their posts as guardians. The seduction of a taboo is never easily spurned. ",0
124,Broken Statue,http://eldenring.wiki.fextralife.com/file/Elden-Ring/broken_statue_enemies_elden_ring_wiki_600px.jpg,"['Leyndell Royal Capital', 'Deeproot Depths']",['3332 - 3517 Runes'],,0
125,Chief Guardian Arghanthy,http://eldenring.wiki.fextralife.com/file/Elden-Ring/chief_guardian_arghanthy_enemies_elden_ring_wiki_600px.jpg,"[""Guardian's Garrison , in Mountaintops of the Giants""]","['5,040 Runes', 'One-Eyed Shield']",,0
126,Abductor Virgin,http://eldenring.wiki.fextralife.com/file/Elden-Ring/lesser_abductor_virgin_enemies_elden_ring_wiki_600px.jpg,"['Raya Lucaria Academy', 'Caria Manor', 'Caelid', 'Mt. Gelmir', 'Volcano Manor']",['1312 - 3181 Runes'],,0
127,Flame Guardian,http://eldenring.wiki.fextralife.com/file/Elden-Ring/flame_guardian_enemies_elden_ring_wiki_guide.jpg,"[""Guardians' Garrison""]",['2415 Runes'],,0
128,Frenzied Villager,http://eldenring.wiki.fextralife.com/file/Elden-Ring/frenzied_villager_enemies_elden_ring_wiki_600px.jpg,"['Ailing Village', 'Frenzied Flame Village', 'Frenzy-Flaming Tower', 'Yelough Anix Ruins']","['48 - 1020 Runes', 'Weathered Straight Sword', 'Glass Shard', 'Yellow Ember', 'Eye of Yelough']",,0
129,"Anastasia, Tarnished-Eater",http://eldenring.wiki.fextralife.com/file/Elden-Ring/anastasia_tarnished-eater_enemies_elden_ring_wiki_600px.jpg,"['Smoldering Church , Limgrave', 'Corpse-Stench Shack , Mt. Gelmir', 'Consecrated Snowfield']",,"The knife-wielding Ogress Anastasia, known to have eaten countless Tarnished while disguised as a Finger Maiden. ",0
130,Great Horned Tragoth,http://eldenring.wiki.fextralife.com/file/Elden-Ring/great-horned-tragoth-enemies-elden-ring-wiki-guide-300px.jpg,['Ruin-Strewn Precipice'],"['158 Runes', 'Furlcalling Finger Remedy', 'Rune Arc', 'Bull-Goat Helm', 'Bull-Goat Armor', 'Bull-Goat Gauntlets', 'Bull-Goat Greaves']","Tragoth is a famed knight of assistance. Countless Tarnished, facing adversity in the Lands Between, have survived thanks only to the Great Horned One's aid. ",0
131,Guardian,http://eldenring.wiki.fextralife.com/file/Elden-Ring/guardian_enemies_elden_ring_wiki_600px.jpg,['Minor Erdtrees across the Lands Between'],"['63 - 1609 Runes', 'Guardian Set', ""Guardian's Swordspear"", 'Tarnished Golden Sunflower']","In accordance with an ancient pact with the Erdtree, it is said that  their deaths lead not to destruction, but instead to renewed. eternal life as guardians. ",0
132,Lesser Black Knife Assassin,http://eldenring.wiki.fextralife.com/file/Elden-Ring/lesser-black-knife-assassin-small.jpg,"['Leyndell, Royal Capital', 'Ordina Liturgical Town']",['Ghost Glovewort (9)'],"The assassins that carried out the deeds of the Night of the Black Knives were all women, and rumored to be Numen who had close ties with Marika herself.   ",0
133,Page,http://eldenring.wiki.fextralife.com/file/Elden-Ring/page_infobox_enemies_elden_ring_wiki_600px.jpg,"['Tombsward Ruins', 'Caria Manor', 'Redmane Castle', 'The Shaded Castle', 'Leyndell Royal Capital', ""Gelmir Hero's Grave"", 'Consecrated Snowfield']","['257 - 3813 Runes', 'Page Set', 'Red Branch Shortbow', ""Perfumer's Bolt""]",...Pages who serve the nobility and are mindful to keep them out of harm's way. Uses a piercing sword and crossbow to defend [their] master. ,0
134,Lesser Bloodhound Knight,http://eldenring.wiki.fextralife.com/file/Elden-Ring/bloodhound_enemies_elden_ring_wiki_600px.jpg,"['Raya Lucaria Academy', 'Swamp Lookout Tower', 'Gelmir Hero’s Grave', 'Volcano Manor']",['491 - 1764 Runes'],"The Bloodhound Knights are trained as hunters and known to be unshakable trackers. Without the use of language, each knight chooses his own master. Once the decision has been made, the knight stays loyal for life. ",0
135,"Moongrum, Carian Knight",http://eldenring.wiki.fextralife.com/file/Elden-Ring/moongrum_carian_knight_enemies_elden_ring_wiki_600px.jpg,['Raya Lucaria Academy'],['1831'],"The enchanted knights, anointed by the Lunar Queen, were heroes of the highest honors, but fell into disarray with the decline of the royal family. Despite numbering fewer than twenty, their power made them a match for even the champions of gold in battle ",0
136,Lesser Kindred of Rot (Pests),http://eldenring.wiki.fextralife.com/file/Elden-Ring/lesser_kindred_of_rot_enemies_elden_ring_wiki_600px.jpg,"['Sellia Crystal Tunnel', 'Caelid Waypoint Ruins', 'Grand Cloister', 'Seethewater Cave']","['612 - 6270 Runes', ""Pest's Glaive"", 'Aeonian Butterfly', 'Faded Erdleaf Flower']","Pale pests who crawl through the lands afflicted by scarlet rot; the abandoned children of the goddess. ""Rot for the scarlet goddess. O scarlet blossoms, flourish in distant lands, and return to us, the unwanted children."" ",0
137,Servant of Rot,http://eldenring.wiki.fextralife.com/file/Elden-Ring/servant_of_rot_enemies_elden_ring.jpg,"['Tombsward Cave', 'Stillwater Cave', 'Seethewater Cave', 'Caelid Waypoint Ruins', 'Abandoned Cave', 'Swamp of Aeonia']","['56 - 311 Runes', 'Serpent Arrow', 'Toxic Mushroom']",,0
138,Glintstone Dragon,http://eldenring.wiki.fextralife.com/file/Elden-Ring/glintstone-dragon-enemy-creature-elden-ring-wiki-guide-300px.jpeg,"['Moonlight Altar ,', 'Liurnia of the Lakes']",['Dragon Heart'],,0
139,Godrick Foot Soldier,http://eldenring.wiki.fextralife.com/file/Elden-Ring/godrick_foot_soldier_enemies_elden_ring_wiki_600px.jpg,['Limgrave'],"['56 - 59 Runes', 'Godrick Foot Soldier Set', 'Dagger', 'Short Sword', 'Short Spear', ""Soldier's Crossbow"", 'Bolt', 'Smoldering Butterfly', 'Mushroom']",,0
140,Raya Lucaria Foot Soldier,http://eldenring.wiki.fextralife.com/file/Elden-Ring/raya_lucaria_foot_soldiers_enemies_elden_ring_wiki_600px.jpg,['Liurnia of the Lakes'],"['108 Runes', 'Raya Lucaria Foot Soldier Set', 'Dagger', 'Short Sword', ""Soldier's Crossbow"", 'Bolt', 'Smoldering Butterfly']","Foot Soldiers usually guarding camps and ruins with their fellow Soldiers, they wander around the Raya Lucaria Academy located within Liurnia of the Lakes. ",0
141,Leyndell Foot Soldier,http://eldenring.wiki.fextralife.com/file/Elden-Ring/leyndell_foot_soldier_enemies_elden_ring_wiki_600px.jpg,"['Altus Plateau', 'Leyndell Royal Capital']","['305 - 683 Runes', 'Leyndell Foot Soldier Set', 'Dagger', 'Short Sword', 'Short Spear', ""Soldier's Crossbow"", 'Bolt', 'Smoldering Butterfly', 'Fulgurbloom']",...Foot Soldiers protecting the royal capital of Leyndell. ,0
142,Radahn Foot Soldier,http://eldenring.wiki.fextralife.com/file/Elden-Ring/radahn-foot-soldier-2-enemy-elden-ring-wiki.jpg,['Caelid'],"['172 - 1055 Runes', 'Radahn Foot Soldier Set', 'Dagger', 'Short Sword', 'Short Spear', 'Bolt', 'Smoldering Butterfly', 'Mushroom']","Base level soldiers, serving General Radahn's army. ",0
143,Mausoleum Foot Soldier,http://eldenring.wiki.fextralife.com/file/Elden-Ring/mausoleum_foot_soldier.jpg,['Consecrated Snowfield'],"['1502 Runes', 'Bloodsoaked Tabard']",...Headless foot soldiers who endlessly guard the Wandering Mausoleum. ,0
144,Haligtree Foot Soldier,http://eldenring.wiki.fextralife.com/file/Elden-Ring/haligtree_foot_soldier_enemies_elden_ring_wiki_600px.jpg,"['Elphael, Brace of the Haligtree']","['2238 Runes', 'Haligtree Foot Soldier Set', 'Dagger', 'Bolt', 'Smoldering Butterfly']","...Common soldiers who carry the sacred light. When weakened, they explode to deliver a last-ditch attack. This was the bitter revelation discovered by the desperate soldiers who awaited the return of their lord to the rotted Haligtree. May the flash of our deaths guide Miquella's return. ",0
145,Starcaller,http://eldenring.wiki.fextralife.com/file/Elden-Ring/starcaller.jpg,"['Weeping Peninsula', 'Ainsel River', 'Altus Plateau']","['57 - 512 Runes', 'Gravity Stone Fan', 'Gravity Stone Chunk']","Scavengers desperately digging around craters found in the wake of meteorite strikes, they dub themselves Starcallers. ",0
146,Thorn Sorcerer,http://eldenring.wiki.fextralife.com/file/Elden-Ring/bloodthorn_exile_soldier_enemies_elden_ring_wiki_600px.jpg,"['Liurnia of the Lakes', 'Fort Laiedd', 'Mountaintops of the Giants']","['104 - 661 Runes', 'Staff of the Guilty', 'Smoldering Butterfly']","The guilty, their eyes gouged by thorns, lived in eternal darkness. There, they discovered the blood star. ",0
147,Giant Crayfish,http://eldenring.wiki.fextralife.com/file/Elden-Ring/giant_lobster_enemies_elden_ring_wiki_guide.jpg,"['Liurnia of the Lakes', 'Subterranean Shunning-Grounds', 'Mountaintops of the Giants', 'Cerulean Coast', 'Gravesite Plain', 'Scadu Altus']","['500 - 2374 Runes', 'Strip of White Flesh', 'Crab Eggs', 'Rimed Crystal Bud', 'Smithing Stones']",,0
148,Giant Land Squirt,http://eldenring.wiki.fextralife.com/file/Elden-Ring/giant_land_squirt.jpg,"['Liurnia of the Lakes', 'Swamp of Aeonia', ""Giants' Mountaintop Catacombs""]","['367 - 1678 Runes', 'Golden Runes', 'Poisonbloom', 'Strip of White Flesh']",,0
149,Monstrous Dog,http://eldenring.wiki.fextralife.com/file/Elden-Ring/monstrous_dog_caelid_enemies_elden_ring_wiki_600px.jpg,"['Caelid', 'Dragonbarrow', 'Mountaintops of the Giants']","['313 - 1808 Runes', 'Hefty Beast Bone', 'Beast Blood']",,0
150,Monstrous Crow,http://eldenring.wiki.fextralife.com/file/Elden-Ring/monstrous_crow_enemies_elden_ring_wiki_600px.jpg,"['Caelid', 'Flame Peak', 'Mohgwyn Palace']","['1009 - 11038 Runes', 'Hefty Beast Bone', 'Beast Blood', 'Golden Rune [5]', 'Blood-Tainted Excrement']",,0
151,Bear,http://eldenring.wiki.fextralife.com/file/Elden-Ring/bear_enemies_elden_ring_wiki_600px.jpg,"['Mistwood', 'Weeping Peninsula', 'Liurnia of the Lakes', 'Moonlight Altar', 'Altus Plateau', 'Mt Gelmir', 'Capital Outskirts', 'Dragonbarrow', 'Consecrated Snowfield']","['15 - 101 Runes', 'Lump of Flesh', 'Hefty Beast Bone', 'Beast Blood']",,0
152,Oracle Envoy,http://eldenring.wiki.fextralife.com/file/Elden-Ring/oracle_envoy_enemies_elden_ring_wiki_600px.jpg,"['Leyndell Royal Capital', ""Miquella's Haligtree""]","['368 - 1653 Runes', ""Envoy's Horn"", 'Strip of White Flesh']","Monstrous band of musicians who employ sacred arts. It is said that when Oracle Envoys appear playing their pipes, they do so to herald the arrival of a new god, or age. ",0
153,Putrid Corpse,http://eldenring.wiki.fextralife.com/file/Elden-Ring/putrid_corpse_enemies_elden_ring_wiki_600px.jpg,['Various'],"['25 - 1266 Runes', 'Mushroom', 'Melted Mushroom', 'Toxic Mushroom', 'Bloodrose']",Their movements are dull and confused... True death does not come easily for them. ,0
154,Haligtree Knight,http://eldenring.wiki.fextralife.com/file/Elden-Ring/haligtree_knight_enemies_elden_ring_wiki_guide.jpg,"['Elphael, Brace of the Haligtree']","['5928 Runes', 'Haligtree Knight Set', ""Knight's Greatsword"", 'Greatbow', 'Haligtree Crest Greatshield', 'Great Arrow', ""Miquella's Lily""]","Knights who have vowed to serve Miquella's Haligtree. They are skilled in using both magical and holy skills, loyally protecting the rotted Haligtree to the very end. ",0
155,Haligtree Soldier,http://eldenring.wiki.fextralife.com/file/Elden-Ring/haligtree_soldier_enemies_elden_ring_wiki_600px.jpg,"[""Miquella's Haligtree"", 'Elphael, Brace of the Haligtree']","['2534 Runes', 'Haligtree Soldier Set', ""Lordsworn's Straight Sword"", 'Warpick', 'Heavy Crossbow', ""Lordsworn's Shield"", 'Brass Shield', ""Lordsworn's Bolt"", 'Bolt', 'Smithing Stones', ""Miquella's Lily""]","Loyal Soldiers sworn to the Haligtree. While rather unimpressive on their own, they are often found in large groups, using numbers to their advantage. ",0
156,Leyndell Soldier,http://eldenring.wiki.fextralife.com/file/Elden-Ring/leyndell_soldier_infobox_enemies_elden_ring_wiki_600px.jpg,"['Leyndell Royal Capital', 'Altus Plateau', 'Mt Gelmir']","['345 - 773 Runes', 'Leyndell Soldier Set', ""Lordsworn's Straight Sword"", 'Warpick', 'Heavy Crossbow', ""Lordsworn's Shield"", 'Brass Shield', ""Lordsworn's Bolt"", 'Bolt', 'Smithing Stones']","The soldiers of Leyndell fight their battles defensively. During the Shattering, they were the ramparts that fortified the royal capital. ",0
157,Radahn Soldier,http://eldenring.wiki.fextralife.com/file/Elden-Ring/radahn_soldier_enemies_elden_ring_wiki_600px.jpg,['Caelid'],"['194 - 1194 Runes', 'Radahn Soldier Set', ""Lordsworn's Straight Sword"", 'Warpick', 'Heavy Crossbow', ""Lordsworn's Shield"", 'Brass Shield', ""Lordsworn's Bolt"", 'Bolt', 'Smithing Stones', 'Smoldering Butterfly', 'Mushroom']","General Radahn's soldiers were all reputed to be masterful warriors, and it was popularly said that the Redmanes knew no weakness. ",0
158,Redmane Knight,http://eldenring.wiki.fextralife.com/file/Elden-Ring/radhan-knight-1-enemy-elden-ring-wiki.jpg,['Caelid'],"['578 - 2882 Runes', 'Redmane Knight Set', ""Knight's Greatsword"", 'Partisan', 'Greatbow', 'Redmane Greatshield', 'Great Arrow']",Knights who fought by General Radahn's side. Their red plumes is a symbol of Radahn's pedigree as Lord Radagon's son - the mane of the proud Red Lion. ,0
159,Rotten Duelist,http://eldenring.wiki.fextralife.com/file/Elden-Ring/rotten_duelist_enemies_elden_ring_wiki_600px.jpg,['Consecrated Snowfield'],"['Rotten Duelist Armor Set', 'Rotten Greataxe', 'Rotten Battle Hammer']",,0
160,Albinauric Archer,http://eldenring.wiki.fextralife.com/file/Elden-Ring/albinauric_archer_enemies_elden_ring_wiki_600px.jpg,"['Consecrated Snowfield', 'Ordina Liturgical Town']","['4243 - 4711 Runes', 'Blue Silver Set', 'Albinauric Bow', ""St. Trina's Arrow"", 'Arrow', 'Albinauric Bloodclot']","These warrior Albinaurics have weak legs, which makes them unable to walk. Thus, they rely on their archery to take down opponents. Those found riding Direwolves are a force to be reckoned with. ",0
161,Ancestral Follower Shaman,http://eldenring.wiki.fextralife.com/file/Elden-Ring/followershaman.jpg,"['Ancestral Woods', 'Consecrated Snowfield']","['1049 - 4508 Runes', 'Shaman Set', 'Budding Horn', 'Nascent Butterfly', 'Thin Beast Bones']","The ancestral followers live a distance from the Erdtree, awaiting new buds. They are certain to sprout from their very flesh, and indeed, their souls. ",0
162,Colossal Fingercreeper,http://eldenring.wiki.fextralife.com/file/Elden-Ring/colossal_fingercreeper.png,"['Flame Peak', 'Scaduview']",['4627 Runes'],,0
163,Cuckoo Knight,http://eldenring.wiki.fextralife.com/file/Elden-Ring/rayalucariaknight2.jpg,['Liurnia of the Lakes'],"['406 - ? Runes', 'Partisan', ""Knight's Greatsword"", 'Cuckoo Greatshield', 'Cuckoo Knight Set']","Knights, named for the cuckoo feather on their helmets, who faithfully serve the Academy of Raya Lucaria, and were given free rein to wage war as they please. Like their masters, they use various sorceries for combat, but they are more skilled in melee combat. ",0
164,Depraved Perfumer,http://eldenring.wiki.fextralife.com/file/Elden-Ring/depraved-perfumer-elden-ring-wiki-200px.jpg,"['Village of the Albinaurics', 'Shaded Castle']","['385 - 880 Runes', 'Depraved Perfumer Set', ""Perfumer's Shield"", 'Miranda Powder', 'Budding Cave Moss', 'Altus Bloom']",These heresy-inclined perfumers imbibe their own spices to alter body and mind. Their slow descent into self-destruction is what earned them their name. ,0
165,Direwolf,http://eldenring.wiki.fextralife.com/file/Elden-Ring/direwolf_1.jpg,"['Caria Manor', 'Consecrated Snowfield']","['371 - 3650 Runes', 'Thin Animal Bones', 'Lump of Flesh']",,0
166,Duelist,http://eldenring.wiki.fextralife.com/file/Elden-Ring/duelist_infobox_enemies_elden_ring_wiki_600px.jpg,"['Leyndell, Royal Capital']","['Duelist Set', 'Duelist Greataxe', 'Battle Hammer']","Former gladitorial fighters who were exiled from the colloseum. They wield chain axes and hammers, and attack with a frenzied fervor. ",0
167,Edgar the Revenger,http://eldenring.wiki.fextralife.com/file/Elden-Ring/edgar_the_revenger_npc_invader_elden_ring_wiki_guide.jpg,"[""Revenger's Shack , Liurnia of the Lakes""]","['316 Runes', '12000 Runes (NG+)', 'Furlcalling Finger Remedy', 'Shabriri Grape', ""Banished Knight's Halberd (+8)"", 'Raw Meat Dumpling x 5']",...Ahh the poor fellow... Gone perfectly mad. Love... Revenge....the frenzied flame melts it all away... - Spirit ,0
168,Errant Sorcerer Wilhelm,http://eldenring.wiki.fextralife.com/file/Elden-Ring/errant-sorcerer-willhelm-npc-elden-ring-wiki-guide-300px.jpeg,"['Leyndell, Royal Capital']",['Nothing'],"A silent seeker of sorcery, who had gone so far as to make contact with the primeval current, Wilhelm was led by guidance into confrontation with his friend Vargram, and it is said that he was then taken prisoner in Roundtable Hold. ",0
169,Festering Fingerprint Vyke,http://eldenring.wiki.fextralife.com/file/Elden-Ring/festering-fingerprint-vyke-enemy-elden-ring-wiki-guide.jpg,['Liurnia of the Lakes'],"['Furlcalling Finger Remedy', 'Fingerprint Grape', ""Vyke's War Spear""]",,0
170,Fingercreeper,http://eldenring.wiki.fextralife.com/file/Elden-Ring/spider_hand_enemies_elden_ring_wiki_guide.jpg,"['Caria Manor', 'Liurnia of the Lakes', 'Mt. Gelmir Leyndell Royal Capital (Sewers)', 'Mountaintops of the Giants', 'Finger Ruins of Rhia', 'Scadu Altus', 'Scaduview', ""Charo's Hidden Grave"", 'Foot of the Jagged Peak']","['418 - 1911 Runes', 'Somber Smithing Stones']",,0
171,Fire Prelate,http://eldenring.wiki.fextralife.com/file/Elden-Ring/prelate_enemies_elden_ring_wiki_guide.jpg,"['Fort Laiedd', ""Giant-Conquering Hero's Grave"", ""Guardians' Garrison"", ""near entrance of Giants' Mountaintop Catacombs""]","['1309 - 2499 Runes', 'Fire Prelate Set', ""Prelate's Inferno Crozier"", 'Thorned Whip']","The weighty frames of the Prelates symbolized the onus of their grave vows as guardians of the flame. ""Etch this sight upon thine breast. Of my thunderous gravity."" ",0
172,Oracle Envoy Giant,http://eldenring.wiki.fextralife.com/file/Elden-Ring/giant_oracle_envoy.jpg,"[""Miquella's Haligtree""]","['5230 Runes', ""Envoy's Greathorn"", 'Strip of White Flesh']",,0
173,Giant Skeletal Slime,http://eldenring.wiki.fextralife.com/file/Elden-Ring/giant_skeletal_slime.png,"['Writheblood Ruins', 'Mohgwyn Dynasty Mausoleum']","['370 - 2400 Runes', 'Beast Blood', 'Sacramental Bud', 'Thin Beast Bones', 'Hefty Beast Bone']",,0
174,High Page,http://eldenring.wiki.fextralife.com/file/Elden-Ring/high_page_enemies_elden_ring_wiki_600px.jpg,"['Raya Lucaria Academy', 'Leyndell Royal Capital']","['508 - 1232 Runes', 'High Page Set', 'Red Branch Shortbow', ""Perfumer's Bolt""]","Strong and dexterous servants of the Nobility, commited to keep them out of harm's way. Specially compared with their common counterparts. ",0
175,Inquisitor Ghiza,http://eldenring.wiki.fextralife.com/file/Elden-Ring/inquisitor-ghiza-elden-ring-wiki-guide-300px.jpg,['Volcano Manor'],"['6,858 Runes', 'Furlcalling Finger Remedy', ""Ghiza's Wheel""]","A menacing agent of the Volcano Manor, wielding a colossal weapon of torture. ",0
176,"Juno Hoslow, Knight of Blood",http://eldenring.wiki.fextralife.com/file/Elden-Ring/juno_hoslow_knight_of_blood_enemies_elden_ring_wiki_guide.jpg,['Mountaintops of the Giants'],"['158 Runes', 'Rune Arc', 'Furlcalling Finger Remedy', ""Hoslow's Petal Whip"", ""Hoslow's Helm"", ""Hoslow's Armor"", ""Hoslow's Gauntlets"", ""Hoslow's Greaves""]","Juno Hoslow had a younger brother who was all talk and no trousers. His inability to commit to action was such that Juno inherited the Hoslow legacy without resistance, granting him the freedom to shower his little brother with adoration. ",0
177,Knight of Zamor,http://eldenring.wiki.fextralife.com/file/Elden-Ring/knight_of_zamor_enemies_elden_ring_wiki_guide.jpg,['Zamor Ruins'],['5039 Runes'],"These long-lived warriors, clad in biting, freezing winds, are said to have been the mortal enemies of the Fire Giants since time immemorial. ",0
178,Lesser Burial Watchdog,http://eldenring.wiki.fextralife.com/file/Elden-Ring/lesser_burial_watchdog_enemies_elden_ring_wiki_guide.jpg,"[""Giants' Mountaintop Catacombs"", ""Giant-Conquering Hero's Grave"", 'Consecrated Snowfield Catacombs']","['3712 - 7956 Runes', ""Watchdog's Greatsword""]","The Watchdogs, battered and broken over their lengthy tenure, rule the catacombs and are even said to command the imps ",0
179,Lesser Fingercreeper,http://eldenring.wiki.fextralife.com/file/Elden-Ring/lesser_spider_hand_elden_ring_wiki_300px.jpg,"['Caria Manor Liurnia of the Lakes', 'Leyndell Royal Capital (Sewers)', 'Mountaintops of the Giants']","['26 - 198 Runes', 'Somber Smithing Stones']",,0
180,Lesser Spirit-Caller Snail,http://eldenring.wiki.fextralife.com/file/Elden-Ring/lesser_spirit_caller_snail_enemies_elden_ring_wiki_600px.jpg,"['Leyndell Catacombs', ""Spiritcaller's Cave"", ""Miquella's Haligtree""]","['317 - 969 Runes', 'Grave Gloveworts']",,0
181,Lion Guardian,http://eldenring.wiki.fextralife.com/file/Elden-Ring/lion_guardian_enemies_elden_ring_wiki_600px.jpg,"['Stormveil Castle', 'Fort Gael (Caelid)', 'Redmane Castle', 'Castle Sol', 'Leyndell, Royal Capital']",Varied drops,,0
182,Mad Tongue Alberich,http://eldenring.wiki.fextralife.com/file/Elden-Ring/mad_tongue_alberich_enemies_elden_ring_wiki_600px.jpg,['Roundtable Hold'],"['1,562 Runes', ""Taunter's Tongue"", 'Furlcalling Finger Remedy']",Alberich was an aloof yet disturbed heretical sorcerer said to have been driven mad by jeering tongues during his service to the Roundtable Hold long ago. ,0
183,"Maleigh Marais, Shaded Castle Castellan",http://eldenring.wiki.fextralife.com/file/Elden-Ring/maleigh_marais_npc_inavder_elden_ring_wiki_guide_300px.jpg,['Fields west of The Shaded Castle'],"['4,800 Runes', 'Antspur Rapier', 'Marais Mask', 'Marais Robe']",The sons of House Marais are all sickly born. Little wonder that Maleigh Marais would be so beguiled by the beautiful and fierce goddess who was born into rot. ,0
184,Man-Serpent,http://eldenring.wiki.fextralife.com/file/Elden-Ring/man_serpent_enemies_elden_ring_wiki_600px.jpg,['Volcano Manor'],"['728 - 741 Runes', 'Gelmir Glintstone Staff', 'Magma Blade', ""Man-Serpent's Shield"", 'Volcanic Stone']","It is said that long ago, the elder serpent that dwelled on Mt. Gelmir devoured a demigod, and the birth of the man-serpents followed. ",0
185,Nameless White Mask,http://eldenring.wiki.fextralife.com/file/Elden-Ring/nameless-white-mask-enemy-elden-ring-wiki-guide.jpg,['Mohgwyn Dynasty Mausoleum'],"['Furlcalling Finger Remedy', 'War Surgeon Set']","Of the surgeons that were abducted by the Lord of Blood, none were able to tame the accursed blood. None but Varre, that is; but he was an exception. ",0
186,Night Maiden,http://eldenring.wiki.fextralife.com/file/Elden-Ring/night_maiden.jpg,"['Nokron, Eternal City', 'Nokstella, Eternal City']","['391 - 635 Runes', 'Night Maiden Set']","Long ago, the Nox invoked the ire of the Greater Will, and were banished deep underground. Now they live under a false night sky, in eternal anticipation of their liege. Of the coming age of the stars. And their Lord of Night. ",0
187,Nomad,http://eldenring.wiki.fextralife.com/file/Elden-Ring/nomad_standing.jpg,['Cathedral of the Forsaken'],['493 Runes'],"A member of a tribe that was entombed in the earth so as to bury the maddening disease that followed them. Able to emit the terrible flame of frenzy from his eyes, but has low HP and is frail, unable to take much in the way of punishment. ",0
188,Nox Monk,http://eldenring.wiki.fextralife.com/file/Elden-Ring/nox_monk.jpg,"['Nokstella, Eternal City']","['635 Runes', 'Nox Monk Set']","Long ago, the Nox invoked the ire of the Greater Will, and were banished deep underground. Now they live under a false night sky, in eternal anticipation of their liege. Of the coming age of the stars. And their Lord of Night. ",0
189,Nox Swordstress,http://eldenring.wiki.fextralife.com/file/Elden-Ring/nox_swordstress.jpg,"['Nokron, Eternal City', 'Nokstella, Eternal City']","['391 - 635 Runes', 'Nox Swordstress Set']","Long ago, the Nox invoked the ire of the Greater Will, and were banished deep underground. Now they live under a false night sky, in eternal anticipation of their liege. Of the coming age of the stars. And their Lord of Night. ",0
190,Old Knight Istvan,http://eldenring.wiki.fextralife.com/file/Elden-Ring/old-knight-istvan-enemies-elden-ring-wiki-guide-300px.jpg,['Stormhill'],"['1828 Runes', 'Rune Arc', 'Furlcalling Finger Remedy', 'Scaled Helm', 'Scaled Armor', 'Scaled Gauntlets', 'Scaled Greaves']",Istvan is one of a few wizened Tarnished who survive to this day. ,0
191,Preceptor Miriam,http://eldenring.wiki.fextralife.com/file/Elden-Ring/preceptor_miriam_npc_invader_elden_ring_wiki_guide_300px.jpg,['Carian Study Hall'],"['Carian Study Hall:', '5,000 Runes', 'Magic Downpour Carian Study Hall (Inverted):', '5,000 Runes', 'Lucidity']",One of the magic preceptors that served the Carian royals ,0
192,Raya Lucaria Soldier,http://eldenring.wiki.fextralife.com/file/Elden-Ring/raya_lucaria_soldier.jpg,['Liurnia of the Lakes'],"['122 - 540 Runes', 'Raya Lucarian Soldier Set', ""Lordsworn's Straight Sword"", 'Warpick', 'Heavy Crossbow', ""Lordsworn's Shield"", 'Brass Shield', ""Lordsworn's Bolt"", 'Bolt', 'Cuckoo Glintstone', 'Smithing Stones']","The soldiers of Raya Lucaria were also known as the Cuckoos. They were given free rein by the academy to wage war as they pleased, and they were infamous for their rapacious ways. ",0
193,Rileigh the Idle,http://eldenring.wiki.fextralife.com/file/Elden-Ring/rileigh-the-idle-enemies-elden-ring-wiki-guide-300px.jpg,['Altus Plateau'],"['1828 Runes', 'Rune Arc', 'Furlcalling Finger Remedy', ""Crepus's Vial"", 'Black-Key Bolt x20']",There was a time when Tarnished who had strayed from guidance feared nothing more than utter silence. ,0
194,Serpent Snail,http://eldenring.wiki.fextralife.com/file/Elden-Ring/serpent_snail.jpg,"['Volcano Manor', 'Nokstella, Eternal City']","['205 - 210 Runes', 'Serpent Arrow']",,0
195,Troll Knight,http://eldenring.wiki.fextralife.com/file/Elden-Ring/troll_knight_enemies_elden_ring_wiki_guide.jpg,"['Caria Manor', 'The Four Belfries', 'Liurnia of the Lakes']","['1320 - 1342 Runes', ""Troll Knight's Sword""]","Called into service when the Queen invoked an oath they swore, the trolls are treated as true knights of Caria, and fight arm in arm with their human comrades. ",0
196,Vargram the Raging Wolf,http://eldenring.wiki.fextralife.com/file/Elden-Ring/vargram_the_raging_wolf.png,"['Leyndell, Royal Capital']","['Raging Wolf Helm', 'Raging Wolf Armor', 'Raging Wolf Gauntlets', 'Raging Wolf Greaves']","One of the first Tarnished to arrive at the Roundtable, Vargram was named after the white wolf pelt on his helm. According to the old legends, wolves are the shadows of the Empyrean. Vargram aspired to such a state himself.  ",0
197,Lesser Crystalian,http://eldenring.wiki.fextralife.com/file/Elden-Ring/lesser_crystalian_enemies_elden_ring_wiki_600px.jpg,"['Liurnia of the Lakes', ""Miquella's Haligtree"", 'Elphael, Brace of the Haligtree']","['190 - 5563 Runes', 'Rotten Crystal Spear', 'Rotten Crystal Staff']",The inscrutable Crystalians have but one clear purpose; to safeguard their crystals unto the end. One theory posits that they yearn for the return of their creator who will carve for them new brethren. ,0
198,Lesser Ulcerated Tree Spirit,http://eldenring.wiki.fextralife.com/file/Elden-Ring/ulcerated_tree_spirit_enemies_elden_ring_wiki_600px.jpg,"['Stormveil Castle', 'Leyndell, Royal Capital', 'Grand Cloister', 'Elphael, Brace of the Haligtree', 'Leyndell, Ashen Capital', 'Leyndell, Capital Outskirts']","['4,736 ~ 26,460 Runes', 'Golden Seed']",,0
199,Lesser Cemetery Shade,http://eldenring.wiki.fextralife.com/file/Elden-Ring/lesser_cemetery_shade_enemies_elden_ring_wiki_600px.jpg,"[""Gelmir Hero's Grave""]","['935 - 935 Runes', 'Mantis Blade']",Insect-ridden grave keepers.  ,0
200,Lesser Dragon,http://eldenring.wiki.fextralife.com/file/Elden-Ring/lesser_dragon_enemies_elden_ring_wiki_600px.jpg,['Dragonbarrow'],['3470 Runes'],"The dragons that escaped the scarlet rot and made nest of the plateau to Caelid's north. Thus it was named ""Dragonbarrow,"" and none dare to enter.  ",0
201,Lesser Cleanrot Knight,http://eldenring.wiki.fextralife.com/file/Elden-Ring/cleanrot-knight-4-elden-ring-wiki-guide.jpg,"['Swamp of Aeonia', 'War-Dead Catacombs', 'The Shaded Castle', 'Consecrated Snowfield Catacombs', 'Elphael, Brace of the Haligtree']","['618 - 6332 Runes', ""Cleanrot Knight's Sword"", 'Cleanrot Spear', 'Halo Scythe', 'Cleanrot Helm', 'Cleanrot Armor', 'Cleanrot Gauntlets', 'Cleanrot Greaves', ""Trina's Lily"", ""Miquella's Lily""]","The Cleanrot Knights vowed to fight alongside Malenia, despite the inevitable, if gradual, putrefaction of their flesh. Their acceptance of their fate made these battles fiercest of all.  ",0
202,Lesser Demi-Human Chief,http://eldenring.wiki.fextralife.com/file/Elden-Ring/lesser-demi-human-chief-1-elden-ring-wiki-guide.jpg,"['Weeping Peninsula', 'Liurnia of the Lakes', 'Lakeside Crystal Cave', 'Lux Ruins', 'Volcano Cave', 'Mountaintops of the Giants', 'Gravesite Plain', 'Cerulean Coast', ""Charo's Hidden Grave""]","['Bloodstained Dagger', 'String', 'Glass Shard', 'Ruin Fragment', 'Rainbow Stone', 'Glowstone', 'Spiritgrave Stone', 'Polter Stone']",,0
203,Magnus the Beast Claw,http://eldenring.wiki.fextralife.com/file/Elden-Ring/magnus.png,['Writheblood Ruins'],"['Runes', 'Furlcalling Finger Remedy Rune Arc Great Stars Somber Smithing Stone (6)']",,0
204,Large Oracle Envoy,http://eldenring.wiki.fextralife.com/file/Elden-Ring/medium-sized-oracle.jpg,"['Leyndell Royal Capital', ""Miquella's Haligtree""]","['606 - 2997 Runes', ""Envoy's Long Horn"", 'Strip of White Flesh']",,0
